CPU,NUMERO_ITERACION,LATENCIA
0,0,6005
0,1,3567
0,2,3546
0,3,4201
0,4,4907
0,5,3369
0,6,3048
0,7,3214
0,8,5644
0,9,3367
0,10,3353
0,11,2965
0,12,3202
0,13,3109
0,14,2687
0,15,2673
0,16,2937
0,17,4695
0,18,3822
0,19,4137
0,20,5027
0,21,2819
0,22,9362
0,23,2970
0,24,2747
0,25,2779
0,26,2841
0,27,3994
0,28,3121
0,29,3495
0,30,2922
0,31,3623
0,32,3555
0,33,3190
0,34,3406
0,35,3724
0,36,3147
0,37,4184
0,38,3183
0,39,4318
0,40,4168
0,41,3895
0,42,3671
0,43,3767
0,44,4012
0,45,3422
0,46,2807
0,47,3666
0,48,2936
0,49,3819
0,50,3206
0,51,3430
0,52,3779
0,53,3275
0,54,2852
0,55,3430
0,56,2932
0,57,4310
0,58,2913
0,59,2874
0,60,2871
0,61,3267
0,62,3389
0,63,3223
0,64,2900
0,65,3122
0,66,2540
0,67,3689
0,68,3236
0,69,3070
0,70,3511
0,71,3673
0,72,3629
0,73,3530
0,74,2981
0,75,2767
0,76,3023
0,77,3661
0,78,3125
0,79,3242
0,80,3964
0,81,3479
0,82,3561
0,83,3103
0,84,2970
0,85,3313
0,86,2845
0,87,3875
0,88,3936
0,89,3542
0,90,2907
0,91,3485
0,92,3724
0,93,3698
0,94,2786
0,95,2991
0,96,3170
0,97,3319
0,98,3026
0,99,3562
0,100,2854
0,101,3075
0,102,2770
0,103,3219
0,104,2824
0,105,3079
0,106,2637
0,107,3027
0,108,2638
0,109,5232
0,110,2938
0,111,2970
0,112,2832
0,113,2968
0,114,5088
0,115,3517
0,116,3578
0,117,2875
0,118,2741
0,119,3157
1,0,3703
1,1,3497
1,2,4055
1,3,3760
1,4,3738
1,5,2412
1,6,2760
1,7,3259
1,8,3485
1,9,2715
1,10,2602
1,11,2662
1,12,3522
1,13,2831
1,14,2745
1,15,2489
1,16,3033
1,17,4974
1,18,4042
1,19,3882
1,20,5298
1,21,2869
1,22,148949
1,23,2875
1,24,2672
1,25,3176
1,26,2739
1,27,4704
1,28,2584
1,29,2931
1,30,2658
1,31,3430
1,32,4030
1,33,3004
1,34,3259
1,35,3290
1,36,2769
1,37,3665
1,38,2833
1,39,3817
1,40,3644
1,41,3659
1,42,3068
1,43,3967
1,44,2920
1,45,3255
1,46,2727
1,47,3115
1,48,3093
1,49,3784
1,50,2931
1,51,3200
1,52,3138
1,53,2794
1,54,2366
1,55,2776
1,56,3191
1,57,3338
1,58,2904
1,59,2641
1,60,2859
1,61,2656
1,62,3237
1,63,3095
1,64,3029
1,65,2973
1,66,2606
1,67,2789
1,68,2326
1,69,3246
1,70,2987
1,71,3101
1,72,3863
1,73,3233
1,74,3569
1,75,2807
1,76,2597
1,77,3518
1,78,2794
1,79,2831
1,80,4516
1,81,2673
1,82,3541
1,83,2913
1,84,3512
1,85,2938
1,86,2791
1,87,3295
1,88,2931
1,89,2644
1,90,2771
1,91,3358
1,92,2685
1,93,2464
1,94,2909
1,95,2870
1,96,3174
1,97,3016
1,98,2607
1,99,2912
1,100,2681
1,101,2796
1,102,2678
1,103,2647
1,104,3136
1,105,2826
1,106,2813
1,107,2584
1,108,2797
1,109,4097
1,110,2916
1,111,2731
1,112,2991
1,113,2868
1,114,3893
1,115,2478
1,116,2706
1,117,2521
1,118,2174
1,119,5095
2,0,5516
2,1,3776
2,2,3711
2,3,3128
2,4,2954
2,5,2795
2,6,3140
2,7,2699
2,8,3861
2,9,4089
2,10,3488
2,11,2926
2,12,3408
2,13,3244
2,14,3541
2,15,3009
2,16,3372
2,17,3428
2,18,3121
2,19,3862
2,20,4319
2,21,3198
2,22,2866
2,23,2836
2,24,2659
2,25,4974
2,26,4294
2,27,3916
2,28,3478
2,29,3000
2,30,3590
2,31,3798
2,32,3892
2,33,3597
2,34,4208
2,35,3168
2,36,3717
2,37,4084
2,38,4195
2,39,3740
2,40,3859
2,41,3034
2,42,3622
2,43,3040
2,44,5386
2,45,3442
2,46,3524
2,47,3403
2,48,2698
2,49,4090
2,50,4275
2,51,3497
2,52,3330
2,53,3013
2,54,2813
2,55,2940
2,56,2807
2,57,2966
2,58,2793
2,59,2743
2,60,2702
2,61,3115
2,62,3025
2,63,2782
2,64,2658
2,65,2945
2,66,2787
2,67,2651
2,68,2767
2,69,2651
2,70,3510
2,71,2679
2,72,2710
2,73,2668
2,74,2900
2,75,2697
2,76,2664
2,77,2536
2,78,2982
2,79,2666
2,80,3721
2,81,2849
2,82,2946
2,83,2664
2,84,3097
2,85,2699
2,86,2650
2,87,2753
2,88,3519
2,89,2713
2,90,3674
2,91,3021
2,92,4182
2,93,3325
2,94,3114
2,95,2780
2,96,3307
2,97,2896
2,98,3077
2,99,3250
2,100,3089
2,101,2817
2,102,3785
2,103,2957
2,104,3030
2,105,2996
2,106,2965
2,107,2764
2,108,2788
2,109,3852
2,110,3496
2,111,3099
2,112,2913
2,113,2904
2,114,3939
2,115,3013
2,116,3559
2,117,3082
2,118,3437
2,119,3168
3,0,5200
3,1,2828
3,2,3420
3,3,2853
3,4,3391
3,5,2754
3,6,3428
3,7,2517
3,8,3434
3,9,3205
3,10,3026
3,11,2565
3,12,3157
3,13,2730
3,14,3018
3,15,2435
3,16,2927
3,17,3242
3,18,3098
3,19,3881
3,20,3955
3,21,3124
3,22,2620
3,23,2619
3,24,2617
3,25,4777
3,26,4054
3,27,3722
3,28,3435
3,29,2446
3,30,3699
3,31,4037
3,32,3457
3,33,2849
3,34,3519
3,35,3053
3,36,3804
3,37,4871
3,38,3884
3,39,3479
3,40,2933
3,41,2682
3,42,3684
3,43,3241
3,44,4837
3,45,3316
3,46,2854
3,47,2976
3,48,2513
3,49,4523
3,50,4463
3,51,3369
3,52,3069
3,53,2951
3,54,2503
3,55,2723
3,56,2655
3,57,2866
3,58,2851
3,59,2741
3,60,2658
3,61,2773
3,62,2434
3,63,2670
3,64,2751
3,65,2874
3,66,2592
3,67,2791
3,68,2891
3,69,2646
3,70,3049
3,71,2738
3,72,2603
3,73,2826
3,74,2535
3,75,2365
3,76,2773
3,77,2642
3,78,2983
3,79,2441
3,80,2984
3,81,2494
3,82,2801
3,83,2440
3,84,2857
3,85,2560
3,86,2389
3,87,2063
3,88,3125
3,89,2298
3,90,2825
3,91,2538
3,92,2855
3,93,2217
3,94,2864
3,95,2320
3,96,3068
3,97,2679
3,98,2855
3,99,2615
3,100,2790
3,101,2759
3,102,3273
3,103,2443
3,104,2897
3,105,2749
3,106,2885
3,107,2342
3,108,2876
3,109,3790
3,110,3482
3,111,2666
3,112,2989
3,113,2470
3,114,3326
3,115,2187
3,116,3530
3,117,2461
3,118,3102
3,119,2443
4,0,5817
4,1,4436
4,2,4159
4,3,4155
4,4,4016
4,5,3560
4,6,3525
4,7,3537
4,8,4879
4,9,3273
4,10,2938
4,11,3014
4,12,2805
4,13,3259
4,14,3054
4,15,4427
4,16,3424
4,17,2861
4,18,3905
4,19,4169
4,20,5581
4,21,4308
4,22,4332
4,23,3246
4,24,8130
4,25,3280
4,26,2614
4,27,3236
4,28,2782
4,29,2577
4,30,2382
4,31,3385
4,32,2431
4,33,3407
4,34,3728
4,35,3511
4,36,2480
4,37,3015
4,38,2294
4,39,3985
4,40,5014
4,41,3303
4,42,3891
4,43,3750
4,44,4530
4,45,4193
4,46,3932
4,47,3525
4,48,4565
4,49,3759
4,50,3885
4,51,4037
4,52,3928
4,53,3300
4,54,3636
4,55,3818
4,56,3357
4,57,3055
4,58,2542
4,59,3500
4,60,3505
4,61,4774
4,62,2762
4,63,2642
4,64,3565
4,65,4112
4,66,4132
4,67,3860
4,68,3802
4,69,3499
4,70,3968
4,71,4024
4,72,4044
4,73,4018
4,74,3778
4,75,3895
4,76,3766
4,77,2928
4,78,3791
4,79,3680
4,80,5555
4,81,4409
4,82,4606
4,83,3598
4,84,3907
4,85,3674
4,86,4012
4,87,3796
4,88,4482
4,89,3162
4,90,4851
4,91,3815
4,92,5135
4,93,3815
4,94,4218
4,95,2984
4,96,4923
4,97,3830
4,98,3729
4,99,4006
4,100,4091
4,101,3217
4,102,3010
4,103,2904
4,104,3519
4,105,3244
4,106,2989
4,107,3640
4,108,3261
4,109,3058
4,110,3405
4,111,3009
4,112,2849
4,113,2695
4,114,3160
4,115,3504
4,116,4164
4,117,3063
4,118,3221
4,119,5979
5,0,5440
5,1,3846
5,2,3933
5,3,4480
5,4,4216
5,5,3819
5,6,3496
5,7,3317
5,8,4371
5,9,3013
5,10,3529
5,11,3313
5,12,2693
5,13,2613
5,14,2686
5,15,3750
5,16,3231
5,17,2491
5,18,2914
5,19,4082
5,20,3590
5,21,3298
5,22,3767
5,23,2838
5,24,4008
5,25,2666
5,26,2630
5,27,3103
5,28,2590
5,29,3244
5,30,2492
5,31,2750
5,32,3150
5,33,2653
5,34,2992
5,35,2723
5,36,2610
5,37,2685
5,38,2931
5,39,3668
5,40,3945
5,41,3401
5,42,3744
5,43,3339
5,44,3399
5,45,3343
5,46,3518
5,47,3157
5,48,3008
5,49,3282
5,50,3771
5,51,3659
5,52,3667
5,53,3313
5,54,3500
5,55,3439
5,56,3375
5,57,2471
5,58,2574
5,59,3179
5,60,2570
5,61,3038
5,62,2558
5,63,2836
5,64,2727
5,65,2737
5,66,2907
5,67,2754
5,68,3703
5,69,2961
5,70,3059
5,71,3126
5,72,3043
5,73,2811
5,74,2918
5,75,3377
5,76,3473
5,77,2489
5,78,2888
5,79,3463
5,80,4745
5,81,3906
5,82,3124
5,83,2563
5,84,3070
5,85,2815
5,86,2866
5,87,3111
5,88,3836
5,89,2724
5,90,3888
5,91,3495
5,92,3602
5,93,3471
5,94,3386
5,95,3066
5,96,3178
5,97,3048
5,98,2822
5,99,4075
5,100,3701
5,101,3104
5,102,3068
5,103,2549
5,104,2854
5,105,2580
5,106,2520
5,107,2743
5,108,2992
5,109,2745
5,110,2860
5,111,2553
5,112,2416
5,113,2533
5,114,3457
5,115,3844
5,116,3384
5,117,2983
5,118,3346
5,119,4761
6,0,6967
6,1,4974
6,2,4575
6,3,4303
6,4,4363
6,5,3813
6,6,3305
6,7,4037
6,8,5177
6,9,3384
6,10,4807
6,11,4008
6,12,4064
6,13,4158
6,14,4828
6,15,3085
6,16,3164
6,17,4886
6,18,3793
6,19,3973
6,20,3107
6,21,2809
6,22,3645
6,23,3213
6,24,4341
6,25,4096
6,26,3782
6,27,3727
6,28,3761
6,29,3124
6,30,3803
6,31,4725
6,32,3824
6,33,4170
6,34,4177
6,35,4282
6,36,4186
6,37,4180
6,38,4441
6,39,5248
6,40,5770
6,41,4888
6,42,3484
6,43,4724
6,44,3423
6,45,4871
6,46,4322
6,47,4219
6,48,4030
6,49,4632
6,50,3836
6,51,4332
6,52,3862
6,53,3752
6,54,3773
6,55,6198
6,56,4574
6,57,4676
6,58,4568
6,59,5002
6,60,4406
6,61,4623
6,62,4496
6,63,4258
6,64,4129
6,65,4420
6,66,3723
6,67,3938
6,68,4170
6,69,3910
6,70,3715
6,71,4603
6,72,3729
6,73,4247
6,74,3870
6,75,3214
6,76,3751
6,77,3136
6,78,4063
6,79,3390
6,80,5543
6,81,3430
6,82,4869
6,83,2968
6,84,3712
6,85,5584
6,86,7666
6,87,3081
6,88,3816
6,89,3132
6,90,4119
6,91,3612
6,92,4466
6,93,3552
6,94,4229
6,95,2931
6,96,4277
6,97,3888
6,98,4177
6,99,3647
6,100,4012
6,101,3105
6,102,3903
6,103,2905
6,104,4067
6,105,2888
6,106,3746
6,107,2851
6,108,3349
6,109,2977
6,110,3861
6,111,2839
6,112,3396
6,113,2805
6,114,3828
6,115,2861
6,116,5081
6,117,3172
6,118,4229
6,119,4705
7,0,5414
7,1,4873
7,2,4277
7,3,4375
7,4,4052
7,5,3901
7,6,3310
7,7,3474
7,8,4760
7,9,3016
7,10,4019
7,11,3398
7,12,3578
7,13,3961
7,14,4178
7,15,3210
7,16,2977
7,17,4527
7,18,3265
7,19,3865
7,20,3069
7,21,2741
7,22,3914
7,23,3019
7,24,3855
7,25,3707
7,26,3395
7,27,3552
7,28,3402
7,29,3015
7,30,3649
7,31,4822
7,32,3566
7,33,3456
7,34,4133
7,35,4359
7,36,3931
7,37,4319
7,38,4682
7,39,5530
7,40,5697
7,41,4845
7,42,3960
7,43,4373
7,44,3132
7,45,4926
7,46,4389
7,47,4756
7,48,4365
7,49,5070
7,50,3995
7,51,4559
7,52,4071
7,53,3660
7,54,3710
7,55,5197
7,56,4701
7,57,4664
7,58,4272
7,59,4834
7,60,4315
7,61,4575
7,62,4324
7,63,4322
7,64,3866
7,65,8041
7,66,3263
7,67,3665
7,68,3865
7,69,3780
7,70,3533
7,71,4115
7,72,3516
7,73,3812
7,74,3654
7,75,3092
7,76,3585
7,77,3296
7,78,4495
7,79,3700
7,80,9382
7,81,4334
7,82,4748
7,83,3056
7,84,4487
7,85,3584
7,86,3681
7,87,5446
7,88,4151
7,89,2838
7,90,4455
7,91,3955
7,92,4969
7,93,4150
7,94,4829
7,95,3016
7,96,4612
7,97,3611
7,98,4114
7,99,3580
7,100,3781
7,101,2931
7,102,4089
7,103,2864
7,104,4508
7,105,3007
7,106,3283
7,107,2969
7,108,3342
7,109,3125
7,110,3712
7,111,2852
7,112,3444
7,113,2922
7,114,3541
7,115,2754
7,116,5032
7,117,3324
7,118,3849
7,119,4231
8,0,5659
8,1,4900
8,2,5171
8,3,4864
8,4,4222
8,5,3292
8,6,4663
8,7,3572
8,8,5446
8,9,5031
8,10,4097
8,11,4748
8,12,3436
8,13,5219
8,14,4673
8,15,4166
8,16,4443
8,17,3756
8,18,4378
8,19,4826
8,20,5307
8,21,3655
8,22,3632
8,23,3473
8,24,3664
8,25,4689
8,26,2955
8,27,3328
8,28,2801
8,29,3368
8,30,3501
8,31,3908
8,32,4030
8,33,4047
8,34,3045
8,35,3300
8,36,3638
8,37,4127
8,38,3028
8,39,5103
8,40,5648
8,41,4717
8,42,4580
8,43,4278
8,44,4394
8,45,4781
8,46,3388
8,47,3698
8,48,3346
8,49,4544
8,50,4445
8,51,4690
8,52,2807
8,53,3723
8,54,2745
8,55,4351
8,56,4058
8,57,4296
8,58,3118
8,59,3532
8,60,2905
8,61,3959
8,62,3055
8,63,4372
8,64,3511
8,65,4951
8,66,4729
8,67,7143
8,68,3841
8,69,4101
8,70,4820
8,71,4135
8,72,4285
8,73,4130
8,74,4093
8,75,4441
8,76,4348
8,77,3454
8,78,4306
8,79,3802
8,80,4827
8,81,4873
8,82,4100
8,83,2594
8,84,3702
8,85,4063
8,86,3656
8,87,4035
8,88,4107
8,89,3756
8,90,4562
8,91,4140
8,92,4757
8,93,5027
8,94,4257
8,95,2706
8,96,4235
8,97,4230
8,98,4359
8,99,4403
8,100,4219
8,101,2696
8,102,3561
8,103,2577
8,104,3064
8,105,3442
8,106,2832
8,107,2620
8,108,3098
8,109,2673
8,110,3336
8,111,2635
8,112,2963
8,113,3185
8,114,3718
8,115,2703
8,116,3645
8,117,3422
8,118,2733
8,119,3644
9,0,5512
9,1,6448
9,2,4352
9,3,4485
9,4,3829
9,5,3417
9,6,3617
9,7,3643
9,8,5595
9,9,4637
9,10,3856
9,11,3630
9,12,3655
9,13,3840
9,14,4278
9,15,4195
9,16,4352
9,17,3628
9,18,4043
9,19,4916
9,20,4739
9,21,3695
9,22,22239
9,23,7109
9,24,3608
9,25,4169
9,26,3356
9,27,3818
9,28,3313
9,29,3172
9,30,3589
9,31,3788
9,32,3719
9,33,3847
9,34,3358
9,35,2720
9,36,3558
9,37,3593
9,38,3497
9,39,4906
9,40,4572
9,41,3802
9,42,3972
9,43,7794
9,44,4720
9,45,3703
9,46,3071
9,47,3469
9,48,3476
9,49,4666
9,50,4369
9,51,3975
9,52,3470
9,53,3190
9,54,3254
9,55,3954
9,56,4173
9,57,3987
9,58,3326
9,59,3091
9,60,3309
9,61,3527
9,62,3539
9,63,4134
9,64,3760
9,65,5194
9,66,4157
9,67,3629
9,68,3998
9,69,3640
9,70,4973
9,71,3889
9,72,4381
9,73,4140
9,74,3989
9,75,3544
9,76,4251
9,77,2958
9,78,4624
9,79,3858
9,80,5168
9,81,4863
9,82,4511
9,83,2691
9,84,4702
9,85,3972
9,86,3245
9,87,3313
9,88,4135
9,89,3369
9,90,4015
9,91,3617
9,92,4268
9,93,4419
9,94,4410
9,95,2777
9,96,4338
9,97,4181
9,98,3891
9,99,3640
9,100,3699
9,101,3105
9,102,3744
9,103,2879
9,104,2995
9,105,3284
9,106,2799
9,107,2686
9,108,2900
9,109,3045
9,110,3184
9,111,2736
9,112,2649
9,113,3268
9,114,4288
9,115,2614
9,116,3467
9,117,3070
9,118,2705
9,119,2739
10,0,5281
10,1,4673
10,2,3218
10,3,3281
10,4,3017
10,5,3221
10,6,3260
10,7,2786
10,8,5358
10,9,4293
10,10,2741
10,11,3027
10,12,2673
10,13,2741
10,14,2766
10,15,2757
10,16,2834
10,17,3325
10,18,2753
10,19,4285
10,20,5425
10,21,5359
10,22,4004
10,23,3781
10,24,2818
10,25,2988
10,26,2477
10,27,3061
10,28,2495
10,29,2831
10,30,2375
10,31,2952
10,32,2555
10,33,5800
10,34,2468
10,35,3062
10,36,2463
10,37,3118
10,38,2419
10,39,3731
10,40,2916
10,41,4540
10,42,4611
10,43,3132
10,44,2616
10,45,2814
10,46,2447
10,47,2803
10,48,2491
10,49,4068
10,50,3783
10,51,4002
10,52,2809
10,53,3584
10,54,2522
10,55,4233
10,56,3213
10,57,2795
10,58,2360
10,59,2844
10,60,3444
10,61,3980
10,62,2704
10,63,2744
10,64,2504
10,65,3733
10,66,2322
10,67,3251
10,68,3396
10,69,3218
10,70,4840
10,71,4862
10,72,4281
10,73,3868
10,74,3232
10,75,2419
10,76,2740
10,77,2408
10,78,3218
10,79,3550
10,80,4184
10,81,2617
10,82,3267
10,83,2650
10,84,2790
10,85,2698
10,86,2625
10,87,2638
10,88,4291
10,89,2998
10,90,4682
10,91,3559
10,92,5605
10,93,2805
10,94,3619
10,95,2904
10,96,5825
10,97,3992
10,98,3210
10,99,2666
10,100,4596
10,101,3065
10,102,4418
10,103,2834
10,104,3231
10,105,2581
10,106,2852
10,107,3095
10,108,3958
10,109,4542
10,110,4130
10,111,2876
10,112,3649
10,113,3004
10,114,3844
10,115,2754
10,116,4860
10,117,4473
10,118,4984
10,119,3888
11,0,4325
11,1,4547
11,2,3107
11,3,3024
11,4,2904
11,5,3077
11,6,2947
11,7,2643
11,8,5422
11,9,3664
11,10,3271
11,11,2924
11,12,2693
11,13,2702
11,14,2839
11,15,2827
11,16,2830
11,17,2996
11,18,2627
11,19,3750
11,20,4876
11,21,4481
11,22,3909
11,23,3835
11,24,2909
11,25,3050
11,26,2816
11,27,3243
11,28,2849
11,29,2700
11,30,2819
11,31,2908
11,32,2848
11,33,3488
11,34,2864
11,35,3160
11,36,3597
11,37,4390
11,38,2763
11,39,3713
11,40,3266
11,41,4562
11,42,4911
11,43,3471
11,44,3137
11,45,2998
11,46,2805
11,47,2803
11,48,2671
11,49,3634
11,50,3721
11,51,3501
11,52,2844
11,53,2948
11,54,2664
11,55,3452
11,56,3156
11,57,4507
11,58,2854
11,59,2862
11,60,3552
11,61,3421
11,62,2675
11,63,2887
11,64,2675
11,65,3732
11,66,2736
11,67,2925
11,68,3522
11,69,3083
11,70,4107
11,71,3660
11,72,3078
11,73,3740
11,74,3251
11,75,2899
11,76,2813
11,77,2482
11,78,2982
11,79,2980
11,80,3945
11,81,2846
11,82,2844
11,83,2908
11,84,2802
11,85,2876
11,86,2570
11,87,2529
11,88,3948
11,89,2658
11,90,4448
11,91,2941
11,92,4718
11,93,2782
11,94,2974
11,95,2655
11,96,3864
11,97,3704
11,98,3302
11,99,2913
11,100,4188
11,101,2823
11,102,4611
11,103,2759
11,104,3215
11,105,2890
11,106,2739
11,107,5203
11,108,3957
11,109,3256
11,110,3788
11,111,2657
11,112,3975
11,113,3206
11,114,3600
11,115,2688
11,116,3976
11,117,3396
11,118,3211
11,119,3891
12,0,8649
12,1,5850
12,2,7082
12,3,5738
12,4,5980
12,5,4828
12,6,6548
12,7,5121
12,8,8015
12,9,6158
12,10,6613
12,11,5412
12,12,6910
12,13,5695
12,14,6011
12,15,5085
12,16,10654
12,17,6254
12,18,7326
12,19,6021
12,20,6773
12,21,5658
12,22,5612
12,23,6292
12,24,5546
12,25,6314
12,26,5414
12,27,5503
12,28,5859
12,29,5447
12,30,5222
12,31,5724
12,32,6529
12,33,5664
12,34,5336
12,35,5285
12,36,6230
12,37,5925
12,38,5240
12,39,5928
12,40,7263
12,41,6067
12,42,6316
12,43,6474
12,44,6356
12,45,6201
12,46,5243
12,47,5798
12,48,5404
12,49,5727
12,50,5921
12,51,5833
12,52,5714
12,53,5992
12,54,5458
12,55,5745
12,56,5443
12,57,5195
12,58,5620
12,59,5690
12,60,5527
12,61,5663
12,62,5344
12,63,5458
12,64,4647
12,65,5920
12,66,5846
12,67,5802
12,68,4827
12,69,5472
12,70,5576
12,71,6746
12,72,5658
12,73,5943
12,74,6328
12,75,4937
12,76,5258
12,77,5559
12,78,5576
12,79,4933
12,80,6814
12,81,5386
12,82,5319
12,83,4987
12,84,5532
12,85,5268
12,86,6620
12,87,4768
12,88,5746
12,89,5153
12,90,6565
12,91,5746
12,92,6647
12,93,5252
12,94,5740
12,95,5022
12,96,6872
12,97,5906
12,98,5017
12,99,4730
12,100,5911
12,101,4378
12,102,5732
12,103,4231
12,104,4624
12,105,4527
12,106,4713
12,107,4271
12,108,5241
12,109,5571
12,110,6798
12,111,4549
12,112,6101
12,113,5258
12,114,6199
12,115,4705
12,116,6128
12,117,5240
12,118,5422
12,119,5907
13,0,6746
13,1,5520
13,2,5628
13,3,5453
13,4,5202
13,5,4364
13,6,5472
13,7,4850
13,8,7082
13,9,7551
13,10,5631
13,11,4772
13,12,5284
13,13,5560
13,14,5689
13,15,4848
13,16,5266
13,17,5534
13,18,6234
13,19,5530
13,20,5535
13,21,5204
13,22,4566
13,23,5197
13,24,5231
13,25,4979
13,26,3673
13,27,4853
13,28,4259
13,29,5015
13,30,4884
13,31,5159
13,32,5757
13,33,5544
13,34,5098
13,35,4488
13,36,4830
13,37,5518
13,38,4762
13,39,5566
13,40,6561
13,41,5674
13,42,5303
13,43,5145
13,44,5566
13,45,5274
13,46,4890
13,47,5036
13,48,4950
13,49,5085
13,50,3962
13,51,4625
13,52,4731
13,53,4451
13,54,4168
13,55,4494
13,56,5353
13,57,5102
13,58,4419
13,59,4557
13,60,5328
13,61,5679
13,62,3598
13,63,4980
13,64,5147
13,65,5999
13,66,5306
13,67,6158
13,68,5462
13,69,5779
13,70,5984
13,71,6618
13,72,6043
13,73,6030
13,74,4356
13,75,4747
13,76,5751
13,77,4837
13,78,5911
13,79,4943
13,80,6898
13,81,5873
13,82,6042
13,83,4626
13,84,5481
13,85,6375
13,86,5993
13,87,4940
13,88,5783
13,89,5460
13,90,6615
13,91,5752
13,92,6812
13,93,5518
13,94,5667
13,95,5386
13,96,6567
13,97,4954
13,98,5952
13,99,4428
13,100,6311
13,101,3983
13,102,5875
13,103,3785
13,104,5612
13,105,4095
13,106,5255
13,107,4906
13,108,4986
13,109,5829
13,110,6309
13,111,5285
13,112,5361
13,113,5465
13,114,6077
13,115,4909
13,116,5862
13,117,5112
13,118,5593
13,119,6188
14,0,6769
14,1,5334
14,2,9527
14,3,5388
14,4,6101
14,5,5455
14,6,5787
14,7,5339
14,8,6691
14,9,5813
14,10,6324
14,11,5567
14,12,6193
14,13,5306
14,14,5668
14,15,5379
14,16,5826
14,17,5708
14,18,6184
14,19,5364
14,20,5905
14,21,5282
14,22,5029
14,23,5178
14,24,5135
14,25,5187
14,26,3573
14,27,5357
14,28,4775
14,29,5090
14,30,5299
14,31,5091
14,32,5393
14,33,5430
14,34,5600
14,35,4893
14,36,5556
14,37,5025
14,38,5065
14,39,5942
14,40,6845
14,41,4973
14,42,5413
14,43,5435
14,44,5303
14,45,5505
14,46,4894
14,47,4706
14,48,5026
14,49,4921
14,50,5563
14,51,5204
14,52,5310
14,53,5307
14,54,4767
14,55,4846
14,56,4323
14,57,5067
14,58,4963
14,59,5033
14,60,5310
14,61,5034
14,62,5066
14,63,5045
14,64,4883
14,65,5157
14,66,5060
14,67,5204
14,68,3919
14,69,4990
14,70,5502
14,71,5575
14,72,5159
14,73,5288
14,74,3986
14,75,4853
14,76,5311
14,77,5019
14,78,5134
14,79,4838
14,80,6300
14,81,5665
14,82,5567
14,83,4928
14,84,5316
14,85,5347
14,86,5406
14,87,5121
14,88,5458
14,89,5165
14,90,5386
14,91,5381
14,92,5707
14,93,5180
14,94,5132
14,95,5137
14,96,5172
14,97,5243
14,98,4999
14,99,5545
14,100,4825
14,101,4952
14,102,4566
14,103,4269
14,104,4879
14,105,4639
14,106,4538
14,107,4429
14,108,4323
14,109,5238
14,110,4924
14,111,4008
14,112,4105
14,113,4248
14,114,4977
14,115,4137
14,116,4413
14,117,4557
14,118,4198
14,119,6374
15,0,6996
15,1,5786
15,2,5565
15,3,5075
15,4,4951
15,5,6974
15,6,5377
15,7,4796
15,8,6341
15,9,5398
15,10,5228
15,11,4809
15,12,5289
15,13,5436
15,14,5678
15,15,4632
15,16,5376
15,17,5817
15,18,5587
15,19,5536
15,20,5938
15,21,4951
15,22,5360
15,23,5438
15,24,4996
15,25,5154
15,26,5327
15,27,5661
15,28,5226
15,29,5202
15,30,5417
15,31,5275
15,32,5917
15,33,5490
15,34,5680
15,35,5304
15,36,5210
15,37,5397
15,38,5097
15,39,5923
15,40,6137
15,41,5344
15,42,5364
15,43,5787
15,44,5934
15,45,5694
15,46,5309
15,47,4897
15,48,5049
15,49,5195
15,50,5513
15,51,4954
15,52,4822
15,53,4991
15,54,4890
15,55,4910
15,56,4968
15,57,4765
15,58,4758
15,59,4776
15,60,5130
15,61,5162
15,62,4600
15,63,4799
15,64,5128
15,65,5439
15,66,4924
15,67,5198
15,68,4616
15,69,5092
15,70,5513
15,71,5523
15,72,5032
15,73,5514
15,74,5175
15,75,5216
15,76,5519
15,77,5245
15,78,5651
15,79,4818
15,80,6324
15,81,5255
15,82,5449
15,83,4753
15,84,5073
15,85,5724
15,86,5590
15,87,4507
15,88,5483
15,89,4940
15,90,5347
15,91,4797
15,92,5743
15,93,4762
15,94,4979
15,95,5062
15,96,5339
15,97,4899
15,98,5206
15,99,5339
15,100,5330
15,101,4613
15,102,4653
15,103,4402
15,104,5287
15,105,4692
15,106,4963
15,107,4398
15,108,4427
15,109,5488
15,110,5259
15,111,4387
15,112,4985
15,113,5222
15,114,6429
15,115,5677
15,116,5313
15,117,5306
15,118,5151
15,119,5261
16,0,7822
16,1,5139
16,2,5474
16,3,5720
16,4,5242
16,5,5210
16,6,5331
16,7,3594
16,8,6138
16,9,5722
16,10,5098
16,11,4525
16,12,5522
16,13,5407
16,14,4617
16,15,4177
16,16,4455
16,17,6677
16,18,5614
16,19,6114
16,20,5703
16,21,4715
16,22,3237
16,23,4480
16,24,4656
16,25,5680
16,26,3551
16,27,5049
16,28,3338
16,29,4623
16,30,4311
16,31,4465
16,32,3448
16,33,5253
16,34,3670
16,35,4645
16,36,4233
16,37,5651
16,38,3537
16,39,5888
16,40,4242
16,41,5647
16,42,4843
16,43,4991
16,44,4547
16,45,4930
16,46,3722
16,47,3362
16,48,4517
16,49,4948
16,50,3467
16,51,4211
16,52,3422
16,53,3293
16,54,4996
16,55,3503
16,56,3283
16,57,4791
16,58,3491
16,59,3341
16,60,4422
16,61,3554
16,62,3201
16,63,3935
16,64,3318
16,65,5359
16,66,4550
16,67,3670
16,68,3272
16,69,3935
16,70,5123
16,71,3648
16,72,4454
16,73,5079
16,74,4288
16,75,3512
16,76,3610
16,77,3239
16,78,4439
16,79,3567
16,80,4397
16,81,4905
16,82,3427
16,83,3379
16,84,4956
16,85,3809
16,86,3335
16,87,3464
16,88,5763
16,89,5242
16,90,5231
16,91,3922
16,92,5003
16,93,3797
16,94,4617
16,95,3739
16,96,5998
16,97,5321
16,98,4966
16,99,5284
16,100,4985
16,101,3555
16,102,4739
16,103,3616
16,104,4632
16,105,5137
16,106,4883
16,107,3728
16,108,4602
16,109,3671
16,110,4546
16,111,3622
16,112,4608
16,113,5079
16,114,5267
16,115,3659
16,116,5080
16,117,3596
16,118,4851
16,119,4736
17,0,6098
17,1,4283
17,2,4884
17,3,4870
17,4,5288
17,5,4116
17,6,4457
17,7,4215
17,8,6051
17,9,4597
17,10,4499
17,11,3880
17,12,4355
17,13,4507
17,14,4061
17,15,3612
17,16,4150
17,17,3882
17,18,5042
17,19,5076
17,20,5593
17,21,3879
17,22,4166
17,23,3993
17,24,3778
17,25,4465
17,26,4058
17,27,3878
17,28,3866
17,29,4097
17,30,3772
17,31,4142
17,32,4244
17,33,3907
17,34,3928
17,35,3660
17,36,4040
17,37,3691
17,38,3636
17,39,4749
17,40,4529
17,41,3765
17,42,4622
17,43,3895
17,44,4327
17,45,3894
17,46,3750
17,47,3756
17,48,4539
17,49,4458
17,50,4031
17,51,3688
17,52,4212
17,53,4221
17,54,5236
17,55,3492
17,56,3213
17,57,3407
17,58,3176
17,59,3132
17,60,4467
17,61,3349
17,62,4122
17,63,3693
17,64,3152
17,65,3535
17,66,4801
17,67,3535
17,68,3160
17,69,3376
17,70,4711
17,71,3455
17,72,4646
17,73,3893
17,74,3245
17,75,3434
17,76,3045
17,77,3222
17,78,5193
17,79,3492
17,80,5634
17,81,4751
17,82,4067
17,83,3956
17,84,4912
17,85,3622
17,86,3502
17,87,3089
17,88,4589
17,89,3466
17,90,5136
17,91,3591
17,92,4996
17,93,3962
17,94,3332
17,95,3053
17,96,5264
17,97,3840
17,98,3563
17,99,3318
17,100,3453
17,101,3260
17,102,4308
17,103,4166
17,104,4405
17,105,3397
17,106,3165
17,107,2990
17,108,3136
17,109,4747
17,110,3213
17,111,3256
17,112,4359
17,113,3697
17,114,3461
17,115,3358
17,116,4582
17,117,3589
17,118,3168
17,119,4101
18,0,5291
18,1,4185
18,2,3809
18,3,6193
18,4,5559
18,5,3836
18,6,3784
18,7,3641
18,8,4167
18,9,3814
18,10,3740
18,11,3229
18,12,3384
18,13,3763
18,14,3762
18,15,3989
18,16,3368
18,17,3760
18,18,3869
18,19,5607
18,20,5173
18,21,3543
18,22,3469
18,23,3428
18,24,3473
18,25,3530
18,26,3238
18,27,3279
18,28,3276
18,29,3598
18,30,3354
18,31,3588
18,32,3117
18,33,3839
18,34,3700
18,35,4985
18,36,3297
18,37,3539
18,38,3186
18,39,5493
18,40,4053
18,41,3545
18,42,3505
18,43,3371
18,44,5608
18,45,4076
18,46,3318
18,47,3291
18,48,3133
18,49,4947
18,50,3700
18,51,3207
18,52,3211
18,53,3419
18,54,3516
18,55,3273
18,56,3474
18,57,3645
18,58,3524
18,59,3537
18,60,3379
18,61,3304
18,62,3540
18,63,3702
18,64,3150
18,65,3983
18,66,3203
18,67,3509
18,68,3199
18,69,3569
18,70,5561
18,71,3431
18,72,3157
18,73,3376
18,74,3464
18,75,3108
18,76,3068
18,77,3369
18,78,3573
18,79,3217
18,80,3973
18,81,3809
18,82,3061
18,83,3096
18,84,3250
18,85,3510
18,86,3226
18,87,3181
18,88,5653
18,89,4007
18,90,3883
18,91,3357
18,92,6203
18,93,3523
18,94,3501
18,95,3170
18,96,4018
18,97,3809
18,98,3707
18,99,4851
18,100,3722
18,101,3414
18,102,3538
18,103,3205
18,104,2987
18,105,3926
18,106,3307
18,107,3134
18,108,3253
18,109,4447
18,110,3491
18,111,3221
18,112,3183
18,113,3574
18,114,4182
18,115,3199
18,116,5465
18,117,3459
18,118,3196
18,119,4596
19,0,7352
19,1,5768
19,2,5549
19,3,5284
19,4,5454
19,5,5260
19,6,5424
19,7,4803
19,8,5655
19,9,4625
19,10,5064
19,11,5097
19,12,4862
19,13,5083
19,14,5024
19,15,3580
19,16,4721
19,17,5062
19,18,5072
19,19,5686
19,20,5715
19,21,3660
19,22,4526
19,23,4668
19,24,3692
19,25,4628
19,26,3581
19,27,5031
19,28,4912
19,29,5145
19,30,3660
19,31,4544
19,32,4595
19,33,4594
19,34,3674
19,35,4708
19,36,3489
19,37,5049
19,38,3632
19,39,5512
19,40,4023
19,41,4246
19,42,4267
19,43,3826
19,44,3785
19,45,3718
19,46,3172
19,47,4705
19,48,3372
19,49,5028
19,50,3458
19,51,3595
19,52,3817
19,53,3503
19,54,3339
19,55,3201
19,56,3331
19,57,4746
19,58,3370
19,59,3191
19,60,3225
19,61,4273
19,62,3770
19,63,3086
19,64,2982
19,65,3621
19,66,3082
19,67,3629
19,68,3237
19,69,3279
19,70,3754
19,71,3225
19,72,3377
19,73,3427
19,74,3460
19,75,3076
19,76,3333
19,77,5085
19,78,3490
19,79,3236
19,80,7076
19,81,3788
19,82,3588
19,83,3280
19,84,3145
19,85,3264
19,86,3166
19,87,3234
19,88,4957
19,89,3639
19,90,3469
19,91,3194
19,92,3590
19,93,3257
19,94,3374
19,95,3152
19,96,3453
19,97,3505
19,98,3055
19,99,3936
19,100,3567
19,101,3142
19,102,3273
19,103,3166
19,104,3325
19,105,3287
19,106,3060
19,107,3085
19,108,3141
19,109,3627
19,110,3337
19,111,3139
19,112,3183
19,113,3563
19,114,3874
19,115,3242
19,116,3320
19,117,3231
19,118,3356
19,119,5468
